{
	"node_list": [
		{
			"x": -13.237049,
			"y": -7.942245
		},
		{
			"x": 0.000011,
			"y": -0.000008
		},
		{
			"x": 13.237072,
			"y": -7.942245
		}
	]
}