{
	"frame_x": 404.000000,
	"frame_y": 167.500000,
	"frame_width": 808.000000,
	"frame_height": 635.000000
}