{
	"node_list": [
		{
			"x": -19.801950,
			"y": -11.929821,
			"type": 3
		},
		{
			"x": 19.964127,
			"y": -11.929821,
			"type": 3
		},
		{
			"x": -19.801950,
			"y": 11.929821,
			"type": 3
		},
		{
			"x": 19.964127,
			"y": 11.929821,
			"type": 3
		}
	],
	"grid": {
		"grid_type": 0,
		"rect_width": 3,
		"rect_height": 3,
		"rect_spacing_h": 68,
		"rect_spacing_v": 68
	}
}