{
	"frame_x": 122.355469,
	"frame_y": 90.617188,
	"frame_width": 1208.496094,
	"frame_height": 580.000000
}