{
	"frame_x": 100.683594,
	"frame_y": 69.425781,
	"frame_width": 1278.136719,
	"frame_height": 480.000000
}