{
	"frame_x": 98.785156,
	"frame_y": 168.746094,
	"frame_width": 1208.496094,
	"frame_height": 580.000000
}