{
	"node_list": [
		{
			"x": -14.069019,
			"y": -4.873650
		},
		{
			"x": -0.000008,
			"y": 9.747284
		},
		{
			"x": -0.000008,
			"y": -0.000008
		},
		{
			"x": 14.069000,
			"y": -4.873650
		}
	]
}