{
	"node_list": [
		{
			"x": -6.618534,
			"y": -3.971123
		},
		{
			"x": 6.618534,
			"y": -3.971123
		},
		{
			"x": 6.618534,
			"y": 3.971111
		},
		{
			"x": -6.618534,
			"y": 3.971111
		}
	]
}
