{
	"node_list": [
		{
			"x": -11.030014,
			"y": 0.000000
		},
		{
			"x": 0.081093,
			"y": 0.000000
		},
		{
			"x": 11.192207,
			"y": 0.000000
		}
	],
	"grid": {
		"grid_type": 0,
		"rect_width": 3,
		"rect_height": 1,
		"rect_spacing_h": 38,
		"rect_spacing_v": 0
	}
}