{
	"node_list": [
		{
			"x": -0.000008,
			"y": -9.747295
		},
		{
			"x": -0.000008,
			"y": -0.000008
		},
		{
			"x": -14.069019,
			"y": 4.873638
		},
		{
			"x": 14.069000,
			"y": 4.873638
		}
	]
}