{
	"node_list": [
		{
			"x": -10.228657,
			"y": 6.137188
		},
		{
			"x": -0.000019,
			"y": 0.000000
		},
		{
			"x": 10.228622,
			"y": -6.137188
		}
	]
}