{
	"node_list": [
		{
			"x": -6.618549,
			"y": -3.971119
		},
		{
			"x": 6.618511,
			"y": -3.971119
		},
		{
			"x": -6.618549,
			"y": 3.971119
		},
		{
			"x": 6.618511,
			"y": 3.971119
		}
	]
}