{
	"node_list": [
		{
			"x": -15.342979,
			"y": 9.205776
		},
		{
			"x": -5.114338,
			"y": 3.068588
		},
		{
			"x": 5.114300,
			"y": -3.068592
		},
		{
			"x": 15.342941,
			"y": -9.205780
		}
	]
}