{
	"node_list": [
		{
			"x": -20.758141,
			"y": 0.000000
		},
		{
			"x": -6.919392,
			"y": 0.000000
		},
		{
			"x": 6.919353,
			"y": 0.000000
		},
		{
			"x": 20.758102,
			"y": 0.000000
		}
	]
}