{
	"node_list": [
		{
			"x": -14.538784,
			"y": -8.771931
		},
		{
			"x": 14.700989,
			"y": -8.771931
		},
		{
			"x": -14.538784,
			"y": 8.771931
		},
		{
			"x": 14.700989,
			"y": 8.771931
		}
	],
	"grid": {
		"grid_type": 0,
		"rect_width": 2,
		"rect_height": 2,
		"rect_spacing": 100
	}
}