{
	"node_list": [
		{
			"x": 0.081093,
			"y": -5.614040
		},
		{
			"x": 9.437817,
			"y": -0.000008
		},
		{
			"x": 0.081093,
			"y": 5.614029
		},
		{
			"x": -9.275627,
			"y": -0.000008
		}
	]
}