{
	"node_list": [
		{
			"x": -18.339947,
			"y": -0.000008
		},
		{
			"x": -6.059246,
			"y": -0.000008
		},
		{
			"x": 6.221455,
			"y": -0.000008
		},
		{
			"x": 18.502151,
			"y": -0.000008
		}
	],
	"grid": {
		"grid_type": 0,
		"rect_width": 4,
		"rect_height": 1,
		"rect_spacing": 42
	}
}