{
	"node_list": [
		{
			"x": 0.081093,
			"y": -12.105263
		},
		{
			"x": 0.081093,
			"y": -4.035088
		},
		{
			"x": 0.081093,
			"y": 4.035084
		},
		{
			"x": 0.081093,
			"y": 12.105263
		}
	],
	"grid": {
		"grid_type": 0,
		"rect_width": 1,
		"rect_height": 4,
		"rect_spacing_h": 0,
		"rect_spacing_v": 46
	}
}