{
	"node_list": [
		{
			"x": 0.081104,
			"y": -9.473690
		},
		{
			"x": 0.081104,
			"y": -0.000008
		},
		{
			"x": 0.081104,
			"y": 9.473682
		}
	],
	"grid": {
		"grid_type": 0,
		"rect_width": 1,
		"rect_height": 3,
		"rect_spacing": 54
	}
}