{
	"node_list": [
		{
			"x": -12.199596,
			"y": -0.000008
		},
		{
			"x": 0.081104,
			"y": -0.000008
		},
		{
			"x": 12.361801,
			"y": -0.000008
		}
	],
	"grid": {
		"grid_type": 0,
		"rect_width": 3,
		"rect_height": 1,
		"rect_spacing": 42
	}
}