{
	"node_list": [
		{
			"x": 0.081093,
			"y": -5.964928
		},
		{
			"x": 0.081093,
			"y": 5.964905
		},
		{
			"x": 10.022617,
			"y": -0.000011
		},
		{
			"x": -9.860428,
			"y": -0.000011
		}
	],
	"grid": {
		"grid_type": 1,
		"circle_ring_spacing": 34,
		"circle_ring_count": 1,
		"circle_radial_count": 4
	}
}