{
	"node_list": [
		{
			"x": -6.936447,
			"y": -4.210537
		},
		{
			"x": 7.098640,
			"y": -4.210537
		},
		{
			"x": -6.936447,
			"y": 4.210514
		},
		{
			"x": 7.098640,
			"y": 4.210514
		}
	],
	"grid": {
		"grid_type": 0,
		"rect_width": 2,
		"rect_height": 2,
		"rect_spacing": 48
	}
}