{
	"node_list": [
		{
			"x": 0.081104,
			"y": -14.210533
		},
		{
			"x": 0.081104,
			"y": -4.736847
		},
		{
			"x": 0.081104,
			"y": 4.736835
		},
		{
			"x": 0.081104,
			"y": 14.210526
		}
	],
	"grid": {
		"grid_type": 0,
		"rect_width": 1,
		"rect_height": 4,
		"rect_spacing": 54
	}
}