{
	"node_list": [
		{
			"x": 0.081104,
			"y": -5.614044,
			"type": 1
		},
		{
			"x": 9.437828,
			"y": -0.000011,
			"type": 1
		},
		{
			"x": 0.081104,
			"y": 5.614025,
			"type": 1
		},
		{
			"x": -9.275604,
			"y": -0.000011,
			"type": 1
		}
	]
}