{
	"node_list": [
		{
			"x": -5.474461,
			"y": -4.210526
		},
		{
			"x": 5.636650,
			"y": -4.210526
		},
		{
			"x": 5.636650,
			"y": 4.210526
		},
		{
			"x": -5.474461,
			"y": 4.210526
		}
	],
	"grid": {
		"grid_type": 0,
		"rect_width": 2,
		"rect_height": 2,
		"rect_spacing_h": 38,
		"rect_spacing_v": 48
	}
}