{
	"node_list": [
		{
			"x": 5.344261,
			"y": 4.912281,
			"type": 1
		},
		{
			"x": 5.344261,
			"y": -4.912281,
			"type": 3
		},
		{
			"x": -5.182056,
			"y": 4.912281,
			"type": 1
		},
		{
			"x": -5.182056,
			"y": -4.912281,
			"type": 3
		}
	],
	"grid": {
		"grid_type": 0,
		"rect_width": 2,
		"rect_height": 2,
		"rect_spacing_h": 36,
		"rect_spacing_v": 56
	}
}